iter	Logloss
0	0.5142669947
1	0.4622572412
2	0.4498953652
3	0.4440633808
4	0.4437536749
5	0.4413265917
6	0.4303620346
7	0.4251345203
8	0.4117195031
9	0.411715851
